Drop table categoria CASCADE CONSTRAINTS;
Drop table contenido CASCADE CONSTRAINTS;
Drop table cuestionario CASCADE CONSTRAINTS;


-- Tabla "categoria"
CREATE TABLE categoria (
  id NUMBER GENERATED BY DEFAULT AS IDENTITY NOT NULL,
  descripcion VARCHAR2(50),
  PRIMARY KEY (id)
);

-- Datos de "categoria"
INSERT INTO categoria (id, descripcion) VALUES (1, 'Quality');
INSERT INTO categoria (id, descripcion) VALUES (2, 'Risk');
INSERT INTO categoria (id, descripcion) VALUES (3, 'Planning');

-- Tabla "contenido"
CREATE TABLE contenido (
  id NUMBER GENERATED BY DEFAULT AS IDENTITY NOT NULL,
  descripcion VARCHAR2(100) NOT NULL,
  PRIMARY KEY (id)
);

-- Datos de "contenido"
INSERT INTO contenido (id, descripcion) VALUES (5, 'Internal Control in Database');
INSERT INTO contenido (id, descripcion) VALUES (6, 'Database Administration');
INSERT INTO contenido (id, descripcion) VALUES (9, 'Network Environment Configuration');
INSERT INTO contenido (id, descripcion) VALUES (10, 'Memory Management and Support Processes');
INSERT INTO contenido (id, descripcion) VALUES (11, 'Management of Database Storage Structures');
INSERT INTO contenido (id, descripcion) VALUES (12, 'User Account and Security Administration');
INSERT INTO contenido (id, descripcion) VALUES (13, 'Database Backup and Recovery');
INSERT INTO contenido (id, descripcion) VALUES (14, 'Database Activity Monitoring with Auditing');


-- Tabla "cuestionario"
CREATE TABLE cuestionario (
  id NUMBER GENERATED BY DEFAULT AS IDENTITY NOT NULL,
  pregunta VARCHAR2(300),
  id_categoria NUMBER NOT NULL,
  id_contenido NUMBER NOT NULL,
  PRIMARY KEY (id),
  CONSTRAINT foreignkeyCuestionarioCategoria FOREIGN KEY (id_categoria) REFERENCES categoria (id),
  CONSTRAINT foreignkeyCuestionarioContenido FOREIGN KEY (id_contenido) REFERENCES contenido (id)
);

-- Datos de "cuestionario"
-- Datos de "cuestionario"
INSERT INTO cuestionario (id, pregunta, id_categoria, id_contenido) VALUES (5, 'Database administrator does database backups frequently', 1, 5);
INSERT INTO cuestionario (id, pregunta, id_categoria, id_contenido) VALUES (6, 'Database administrator frequently backs up the operating system on which the databases are running', 1, 5);
INSERT INTO cuestionario (id, pregunta, id_categoria, id_contenido) VALUES (7, 'Database administrator checks and tests all the backups related to the databases (e.g: Operating system and database backups) on a daily basis', 1, 5);
INSERT INTO cuestionario (id, pregunta, id_categoria, id_contenido) VALUES (8, 'Database administrator looks at database indicators regularly', 1, 5);
INSERT INTO cuestionario (id, pregunta, id_categoria, id_contenido) VALUES (9, 'Database administrator changes and optimizes data structures, memory and processing supported by the database according to different indicators.', 1, 5);
INSERT INTO cuestionario (id, pregunta, id_categoria, id_contenido) VALUES (10, 'Database administrator keeps all the hardware the database is running on in a secure, climatized and restricted place', 1, 5);
INSERT INTO cuestionario (id, pregunta, id_categoria, id_contenido) VALUES (11, 'Database administrator keeps backups in separated places, including local places or the cloud', 1, 5);
INSERT INTO cuestionario (id, pregunta, id_categoria, id_contenido) VALUES (12, 'Database administrator designs and implements replication mechanisms in order to reduce data loss. E.g. Database replications in another site.', 1, 5);
INSERT INTO cuestionario (id, pregunta, id_categoria, id_contenido) VALUES (13, 'Database administrator establishes and implements mechanisms to reduce restoring time such as virtualization, docking or native backups', 1, 5);
INSERT INTO cuestionario (id, pregunta, id_categoria, id_contenido) VALUES (14, 'Full database documentation exists', 1, 5);
INSERT INTO cuestionario (id, pregunta, id_categoria, id_contenido) VALUES (15, 'There are complete manuals to do all the tasks related to database administration.', 1, 5);
INSERT INTO cuestionario (id, pregunta, id_categoria, id_contenido) VALUES (19, 'Database management processes are periodically under review in order to improve effectiveness.', 1, 5);
INSERT INTO cuestionario (id, pregunta, id_categoria, id_contenido) VALUES (20, 'Database management procedures and controls are regularly reviewed and updated', 1, 5);
INSERT INTO cuestionario (id, pregunta, id_categoria, id_contenido) VALUES (22, 'Database management processes are compliant with the law, current regulations and normatives.', 1, 5);
INSERT INTO cuestionario (id, pregunta, id_categoria, id_contenido) VALUES (16, 'Plans for reducing the impact of any database related risk exists.', 2, 5);
INSERT INTO cuestionario (id, pregunta, id_categoria, id_contenido) VALUES (17, 'Every member of the database management department is correctly trained with contingency plans', 2, 5);
INSERT INTO cuestionario (id, pregunta, id_categoria, id_contenido) VALUES (18, 'A process to check database continuity after an incident exists', 2, 5);
INSERT INTO cuestionario (id, pregunta, id_categoria, id_contenido) VALUES (21, 'Upgrades based on previous eventualities are implemented.', 2, 5);
INSERT INTO cuestionario (id, pregunta, id_categoria, id_contenido) VALUES (24, 'There is an investment program designed to achieve all database goals', 3, 5);
INSERT INTO cuestionario (id, pregunta, id_categoria, id_contenido) VALUES (25, 'Performance of existing plans and IT System were evaluated in contribution to business goals', 3, 5);
INSERT INTO cuestionario (id, pregunta, id_categoria, id_contenido) VALUES (26, 'IT Strategies are aligned with current business goals', 3, 5);
INSERT INTO cuestionario (id, pregunta, id_categoria, id_contenido) VALUES (27, 'IT plans are detailed enough in order to allow proper future project plans', 3, 5);
INSERT INTO cuestionario (id, pregunta, id_categoria, id_contenido) VALUES (28, 'Plans are detailed enough in order to allow proper future project plans', 3, 5);



-- Termina la transacci n en Oracle.
COMMIT;
